CREATE DATABASE  IF NOT EXISTS `register` /*!40100 DEFAULT CHARACTER SET utf8mb4 COLLATE utf8mb4_0900_ai_ci */ /*!80016 DEFAULT ENCRYPTION='N' */;
USE `register`;
-- MySQL dump 10.13  Distrib 8.0.36, for Win64 (x86_64)
--
-- Host: localhost    Database: register
-- ------------------------------------------------------
-- Server version	8.0.36

/*!40101 SET @OLD_CHARACTER_SET_CLIENT=@@CHARACTER_SET_CLIENT */;
/*!40101 SET @OLD_CHARACTER_SET_RESULTS=@@CHARACTER_SET_RESULTS */;
/*!40101 SET @OLD_COLLATION_CONNECTION=@@COLLATION_CONNECTION */;
/*!50503 SET NAMES utf8 */;
/*!40103 SET @OLD_TIME_ZONE=@@TIME_ZONE */;
/*!40103 SET TIME_ZONE='+00:00' */;
/*!40014 SET @OLD_UNIQUE_CHECKS=@@UNIQUE_CHECKS, UNIQUE_CHECKS=0 */;
/*!40014 SET @OLD_FOREIGN_KEY_CHECKS=@@FOREIGN_KEY_CHECKS, FOREIGN_KEY_CHECKS=0 */;
/*!40101 SET @OLD_SQL_MODE=@@SQL_MODE, SQL_MODE='NO_AUTO_VALUE_ON_ZERO' */;
/*!40111 SET @OLD_SQL_NOTES=@@SQL_NOTES, SQL_NOTES=0 */;

--
-- Table structure for table `complaints`
--

DROP TABLE IF EXISTS `complaints`;
/*!40101 SET @saved_cs_client     = @@character_set_client */;
/*!50503 SET character_set_client = utf8mb4 */;
CREATE TABLE `complaints` (
  `id` int NOT NULL AUTO_INCREMENT,
  `section` varchar(255) NOT NULL,
  `statement` text NOT NULL,
  `location` varchar(255) NOT NULL,
  `proof` varchar(255) NOT NULL,
  PRIMARY KEY (`id`)
) ENGINE=InnoDB AUTO_INCREMENT=3 DEFAULT CHARSET=utf8mb4 COLLATE=utf8mb4_0900_ai_ci;
/*!40101 SET character_set_client = @saved_cs_client */;

--
-- Dumping data for table `complaints`
--

LOCK TABLES `complaints` WRITE;
/*!40000 ALTER TABLE `complaints` DISABLE KEYS */;
INSERT INTO `complaints` VALUES (1,'crimnal','gergfvfv','SATHYAMANGALAM','130763.jpg'),(2,'crimnal','gergfvfv','SATHYAMANGALAM','130763.jpg');
/*!40000 ALTER TABLE `complaints` ENABLE KEYS */;
UNLOCK TABLES;

--
-- Table structure for table `dmin`
--

DROP TABLE IF EXISTS `dmin`;
/*!40101 SET @saved_cs_client     = @@character_set_client */;
/*!50503 SET character_set_client = utf8mb4 */;
CREATE TABLE `dmin` (
  `user_id` int NOT NULL AUTO_INCREMENT,
  `username` varchar(50) NOT NULL,
  `password` varchar(255) NOT NULL,
  `email` varchar(100) NOT NULL,
  PRIMARY KEY (`user_id`),
  UNIQUE KEY `username` (`username`)
) ENGINE=InnoDB AUTO_INCREMENT=2 DEFAULT CHARSET=utf8mb4 COLLATE=utf8mb4_0900_ai_ci;
/*!40101 SET character_set_client = @saved_cs_client */;

--
-- Dumping data for table `dmin`
--

LOCK TABLES `dmin` WRITE;
/*!40000 ALTER TABLE `dmin` DISABLE KEYS */;
INSERT INTO `dmin` VALUES (1,'revith','revith123','revith@gmail.com');
/*!40000 ALTER TABLE `dmin` ENABLE KEYS */;
UNLOCK TABLES;

--
-- Table structure for table `users`
--

DROP TABLE IF EXISTS `users`;
/*!40101 SET @saved_cs_client     = @@character_set_client */;
/*!50503 SET character_set_client = utf8mb4 */;
CREATE TABLE `users` (
  `username` varchar(100) NOT NULL,
  `emailid` varchar(100) NOT NULL,
  `contactno` int NOT NULL,
  `passwords` varchar(100) NOT NULL,
  UNIQUE KEY `password` (`passwords`)
) ENGINE=InnoDB DEFAULT CHARSET=utf8mb4 COLLATE=utf8mb4_0900_ai_ci;
/*!40101 SET character_set_client = @saved_cs_client */;

--
-- Dumping data for table `users`
--

LOCK TABLES `users` WRITE;
/*!40000 ALTER TABLE `users` DISABLE KEYS */;
INSERT INTO `users` VALUES ('revith','revith@gmail.com',1234567890,'');
/*!40000 ALTER TABLE `users` ENABLE KEYS */;
UNLOCK TABLES;
/*!40103 SET TIME_ZONE=@OLD_TIME_ZONE */;

/*!40101 SET SQL_MODE=@OLD_SQL_MODE */;
/*!40014 SET FOREIGN_KEY_CHECKS=@OLD_FOREIGN_KEY_CHECKS */;
/*!40014 SET UNIQUE_CHECKS=@OLD_UNIQUE_CHECKS */;
/*!40101 SET CHARACTER_SET_CLIENT=@OLD_CHARACTER_SET_CLIENT */;
/*!40101 SET CHARACTER_SET_RESULTS=@OLD_CHARACTER_SET_RESULTS */;
/*!40101 SET COLLATION_CONNECTION=@OLD_COLLATION_CONNECTION */;
/*!40111 SET SQL_NOTES=@OLD_SQL_NOTES */;

-- Dump completed on 2024-09-05  9:24:52
CREATE DATABASE  IF NOT EXISTS `company` /*!40100 DEFAULT CHARACTER SET utf8mb4 COLLATE utf8mb4_0900_ai_ci */ /*!80016 DEFAULT ENCRYPTION='N' */;
USE `company`;
-- MySQL dump 10.13  Distrib 8.0.36, for Win64 (x86_64)
--
-- Host: localhost    Database: company
-- ------------------------------------------------------
-- Server version	8.0.36

/*!40101 SET @OLD_CHARACTER_SET_CLIENT=@@CHARACTER_SET_CLIENT */;
/*!40101 SET @OLD_CHARACTER_SET_RESULTS=@@CHARACTER_SET_RESULTS */;
/*!40101 SET @OLD_COLLATION_CONNECTION=@@COLLATION_CONNECTION */;
/*!50503 SET NAMES utf8 */;
/*!40103 SET @OLD_TIME_ZONE=@@TIME_ZONE */;
/*!40103 SET TIME_ZONE='+00:00' */;
/*!40014 SET @OLD_UNIQUE_CHECKS=@@UNIQUE_CHECKS, UNIQUE_CHECKS=0 */;
/*!40014 SET @OLD_FOREIGN_KEY_CHECKS=@@FOREIGN_KEY_CHECKS, FOREIGN_KEY_CHECKS=0 */;
/*!40101 SET @OLD_SQL_MODE=@@SQL_MODE, SQL_MODE='NO_AUTO_VALUE_ON_ZERO' */;
/*!40111 SET @OLD_SQL_NOTES=@@SQL_NOTES, SQL_NOTES=0 */;

--
-- Table structure for table `branch`
--

DROP TABLE IF EXISTS `branch`;
/*!40101 SET @saved_cs_client     = @@character_set_client */;
/*!50503 SET character_set_client = utf8mb4 */;
CREATE TABLE `branch` (
  `branch_id` int NOT NULL,
  `branch_name` varchar(40) DEFAULT NULL,
  `mgr_id` int DEFAULT NULL,
  `mgr_start_date` date DEFAULT NULL,
  PRIMARY KEY (`branch_id`),
  KEY `mgr_id` (`mgr_id`),
  CONSTRAINT `branch_ibfk_1` FOREIGN KEY (`mgr_id`) REFERENCES `employee` (`emp_id`) ON DELETE SET NULL
) ENGINE=InnoDB DEFAULT CHARSET=utf8mb4 COLLATE=utf8mb4_0900_ai_ci;
/*!40101 SET character_set_client = @saved_cs_client */;

--
-- Dumping data for table `branch`
--

LOCK TABLES `branch` WRITE;
/*!40000 ALTER TABLE `branch` DISABLE KEYS */;
INSERT INTO `branch` VALUES (1,'Corporate',100,'2006-02-09'),(2,'Scranton',102,'1992-04-06'),(3,'Stamford',106,'1998-02-13'),(4,'Buffalo',NULL,NULL);
/*!40000 ALTER TABLE `branch` ENABLE KEYS */;
UNLOCK TABLES;

--
-- Table structure for table `branch_supplier`
--

DROP TABLE IF EXISTS `branch_supplier`;
/*!40101 SET @saved_cs_client     = @@character_set_client */;
/*!50503 SET character_set_client = utf8mb4 */;
CREATE TABLE `branch_supplier` (
  `branch_id` int NOT NULL,
  `supplier_name` varchar(40) NOT NULL,
  `supply_type` varchar(40) DEFAULT NULL,
  PRIMARY KEY (`branch_id`,`supplier_name`),
  CONSTRAINT `branch_supplier_ibfk_1` FOREIGN KEY (`branch_id`) REFERENCES `branch` (`branch_id`) ON DELETE CASCADE
) ENGINE=InnoDB DEFAULT CHARSET=utf8mb4 COLLATE=utf8mb4_0900_ai_ci;
/*!40101 SET character_set_client = @saved_cs_client */;

--
-- Dumping data for table `branch_supplier`
--

LOCK TABLES `branch_supplier` WRITE;
/*!40000 ALTER TABLE `branch_supplier` DISABLE KEYS */;
INSERT INTO `branch_supplier` VALUES (2,'Hammer Mill','Paper'),(2,'J.T. Forms & Labels','Custom Forms'),(2,'Uni-ball','Writing Utensils'),(3,'Hammer Mill','Paper'),(3,'Patriot Paper','Paper'),(3,'Stamford Lables','Custom Forms'),(3,'Uni-ball','Writing Utensils');
/*!40000 ALTER TABLE `branch_supplier` ENABLE KEYS */;
UNLOCK TABLES;

--
-- Table structure for table `client`
--

DROP TABLE IF EXISTS `client`;
/*!40101 SET @saved_cs_client     = @@character_set_client */;
/*!50503 SET character_set_client = utf8mb4 */;
CREATE TABLE `client` (
  `client_id` int NOT NULL,
  `client_name` varchar(40) DEFAULT NULL,
  `branch_id` int DEFAULT NULL,
  PRIMARY KEY (`client_id`),
  KEY `branch_id` (`branch_id`),
  CONSTRAINT `client_ibfk_1` FOREIGN KEY (`branch_id`) REFERENCES `branch` (`branch_id`) ON DELETE SET NULL
) ENGINE=InnoDB DEFAULT CHARSET=utf8mb4 COLLATE=utf8mb4_0900_ai_ci;
/*!40101 SET character_set_client = @saved_cs_client */;

--
-- Dumping data for table `client`
--

LOCK TABLES `client` WRITE;
/*!40000 ALTER TABLE `client` DISABLE KEYS */;
INSERT INTO `client` VALUES (400,'Dunmore Highschool',2),(401,'Lackawana Country',2),(402,'FedEx',3),(403,'John Daly Law, LLC',3),(404,'Scranton Whitepages',2),(405,'Times Newspaper',3),(406,'FedEx',2);
/*!40000 ALTER TABLE `client` ENABLE KEYS */;
UNLOCK TABLES;

--
-- Table structure for table `employee`
--

DROP TABLE IF EXISTS `employee`;
/*!40101 SET @saved_cs_client     = @@character_set_client */;
/*!50503 SET character_set_client = utf8mb4 */;
CREATE TABLE `employee` (
  `emp_id` int NOT NULL,
  `first_name` varchar(40) DEFAULT NULL,
  `last_name` varchar(40) DEFAULT NULL,
  `birth_day` date DEFAULT NULL,
  `sex` varchar(1) DEFAULT NULL,
  `salary` int DEFAULT NULL,
  `super_id` int DEFAULT NULL,
  `branch_id` int DEFAULT NULL,
  PRIMARY KEY (`emp_id`),
  KEY `branch_id` (`branch_id`),
  CONSTRAINT `employee_ibfk_1` FOREIGN KEY (`branch_id`) REFERENCES `branch` (`branch_id`) ON DELETE SET NULL
) ENGINE=InnoDB DEFAULT CHARSET=utf8mb4 COLLATE=utf8mb4_0900_ai_ci;
/*!40101 SET character_set_client = @saved_cs_client */;

--
-- Dumping data for table `employee`
--

LOCK TABLES `employee` WRITE;
/*!40000 ALTER TABLE `employee` DISABLE KEYS */;
INSERT INTO `employee` VALUES (100,'David','Wallace','1967-11-17','M',250000,NULL,1),(101,'Jan','Levinson','1961-05-11','F',110000,100,1),(102,'Michael','Scott','1964-03-15','M',75000,100,2),(103,'Angela','Martin','1971-06-25','F',63000,102,2),(104,'Kelly','Kapoor','1980-02-05','F',55000,102,2),(105,'Stanley','Hudson','1958-02-19','M',69000,102,2),(106,'Josh','Porter','1969-09-05','M',78000,100,3),(107,'Andy','Bernard','1973-07-22','M',65000,106,3),(108,'Jim','Halpert','1978-10-01','M',71000,106,3);
/*!40000 ALTER TABLE `employee` ENABLE KEYS */;
UNLOCK TABLES;

--
-- Table structure for table `works_with`
--

DROP TABLE IF EXISTS `works_with`;
/*!40101 SET @saved_cs_client     = @@character_set_client */;
/*!50503 SET character_set_client = utf8mb4 */;
CREATE TABLE `works_with` (
  `emp_id` int NOT NULL,
  `client_id` int NOT NULL,
  `total_sales` int DEFAULT NULL,
  PRIMARY KEY (`emp_id`,`client_id`),
  KEY `client_id` (`client_id`),
  CONSTRAINT `works_with_ibfk_1` FOREIGN KEY (`emp_id`) REFERENCES `employee` (`emp_id`) ON DELETE CASCADE,
  CONSTRAINT `works_with_ibfk_2` FOREIGN KEY (`client_id`) REFERENCES `client` (`client_id`) ON DELETE CASCADE
) ENGINE=InnoDB DEFAULT CHARSET=utf8mb4 COLLATE=utf8mb4_0900_ai_ci;
/*!40101 SET character_set_client = @saved_cs_client */;

--
-- Dumping data for table `works_with`
--

LOCK TABLES `works_with` WRITE;
/*!40000 ALTER TABLE `works_with` DISABLE KEYS */;
INSERT INTO `works_with` VALUES (102,401,267000),(102,406,15000),(105,400,55000),(105,404,33000),(105,406,130000),(107,403,5000),(107,405,26000),(108,402,22500),(108,403,12000);
/*!40000 ALTER TABLE `works_with` ENABLE KEYS */;
UNLOCK TABLES;
/*!40103 SET TIME_ZONE=@OLD_TIME_ZONE */;

/*!40101 SET SQL_MODE=@OLD_SQL_MODE */;
/*!40014 SET FOREIGN_KEY_CHECKS=@OLD_FOREIGN_KEY_CHECKS */;
/*!40014 SET UNIQUE_CHECKS=@OLD_UNIQUE_CHECKS */;
/*!40101 SET CHARACTER_SET_CLIENT=@OLD_CHARACTER_SET_CLIENT */;
/*!40101 SET CHARACTER_SET_RESULTS=@OLD_CHARACTER_SET_RESULTS */;
/*!40101 SET COLLATION_CONNECTION=@OLD_COLLATION_CONNECTION */;
/*!40111 SET SQL_NOTES=@OLD_SQL_NOTES */;

-- Dump completed on 2024-09-05  9:24:53
CREATE DATABASE  IF NOT EXISTS `ems` /*!40100 DEFAULT CHARACTER SET utf8mb4 COLLATE utf8mb4_0900_ai_ci */ /*!80016 DEFAULT ENCRYPTION='N' */;
USE `ems`;
-- MySQL dump 10.13  Distrib 8.0.36, for Win64 (x86_64)
--
-- Host: localhost    Database: ems
-- ------------------------------------------------------
-- Server version	8.0.36

/*!40101 SET @OLD_CHARACTER_SET_CLIENT=@@CHARACTER_SET_CLIENT */;
/*!40101 SET @OLD_CHARACTER_SET_RESULTS=@@CHARACTER_SET_RESULTS */;
/*!40101 SET @OLD_COLLATION_CONNECTION=@@COLLATION_CONNECTION */;
/*!50503 SET NAMES utf8 */;
/*!40103 SET @OLD_TIME_ZONE=@@TIME_ZONE */;
/*!40103 SET TIME_ZONE='+00:00' */;
/*!40014 SET @OLD_UNIQUE_CHECKS=@@UNIQUE_CHECKS, UNIQUE_CHECKS=0 */;
/*!40014 SET @OLD_FOREIGN_KEY_CHECKS=@@FOREIGN_KEY_CHECKS, FOREIGN_KEY_CHECKS=0 */;
/*!40101 SET @OLD_SQL_MODE=@@SQL_MODE, SQL_MODE='NO_AUTO_VALUE_ON_ZERO' */;
/*!40111 SET @OLD_SQL_NOTES=@@SQL_NOTES, SQL_NOTES=0 */;

--
-- Table structure for table `employees`
--

DROP TABLE IF EXISTS `employees`;
/*!40101 SET @saved_cs_client     = @@character_set_client */;
/*!50503 SET character_set_client = utf8mb4 */;
CREATE TABLE `employees` (
  `id` bigint NOT NULL AUTO_INCREMENT,
  `email` varchar(255) NOT NULL,
  `first_name` varchar(255) DEFAULT NULL,
  `last_name` varchar(255) DEFAULT NULL,
  PRIMARY KEY (`id`),
  UNIQUE KEY `UK_j9xgmd0ya5jmus09o0b8pqrpb` (`email`)
) ENGINE=InnoDB AUTO_INCREMENT=5 DEFAULT CHARSET=utf8mb4 COLLATE=utf8mb4_0900_ai_ci;
/*!40101 SET character_set_client = @saved_cs_client */;

--
-- Dumping data for table `employees`
--

LOCK TABLES `employees` WRITE;
/*!40000 ALTER TABLE `employees` DISABLE KEYS */;
INSERT INTO `employees` VALUES (1,'revithkumar580@gmail.com','Revith','Kumar p');
/*!40000 ALTER TABLE `employees` ENABLE KEYS */;
UNLOCK TABLES;
/*!40103 SET TIME_ZONE=@OLD_TIME_ZONE */;

/*!40101 SET SQL_MODE=@OLD_SQL_MODE */;
/*!40014 SET FOREIGN_KEY_CHECKS=@OLD_FOREIGN_KEY_CHECKS */;
/*!40014 SET UNIQUE_CHECKS=@OLD_UNIQUE_CHECKS */;
/*!40101 SET CHARACTER_SET_CLIENT=@OLD_CHARACTER_SET_CLIENT */;
/*!40101 SET CHARACTER_SET_RESULTS=@OLD_CHARACTER_SET_RESULTS */;
/*!40101 SET COLLATION_CONNECTION=@OLD_COLLATION_CONNECTION */;
/*!40111 SET SQL_NOTES=@OLD_SQL_NOTES */;

-- Dump completed on 2024-09-05  9:24:53
